nothing,https://fifty.io/us/privacy-policy
nothing,https://experiment.com/cookies
nothing,https://experiment.com/privacy
nothing,https://www.metro.net/about/privacy-policy/
nothing,https://www.igi-global.com/cookies-agreement/
nothing,https://www.igi-global.com/about/rights-permissions/privacy-policy/
nothing,https://www.collegedekho.com/privacy-policy/
nothing,https://www.cancer.gov/policies/privacy-security
nothing,https://knowcookies.com/
nothing,https://knowcookies.com/manage-cookies/
nothing,https://www.huffpost.com/static/privacy-policy
nothing,https://connatix.com/privacy-policy/manage-cookies
nothing,https://clickmeter.com/privacy-policy
nothing,https://www.facebook.com/policies/cookies
nothing,https://www.facebook.com/policies/cookies/
nothing,https://wordpress.org/about/privacy/
nothing,https://www.aboutcookies.org/
nothing,https://www.airarabia.com/en/cookie-policy
nothing,https://www.airarabia.com/en/privacy-policy
nothing,https://www.hq.vevo.com/privacy-policy
nothing,https://oilprice.com/privacy-policy
nothing,https://policies.google.com/privacy?hl=en&fg=1
nothing,https://policies.google.com/technologies/ads?hl=en&fg=1
nothing,https://privacy.paramount.com/en/cookies?r=www.paramount.com
nothing,https://privacy.paramount.com/en/cookies?r=privacy.paramount.com
nothing,https://www.viacomcbsprivacy.com/en/cookies?r=www.viacomcbsprivacy.com
nothing,https://www.nielsen.com/legal/privacy-principles/digital-measurement-privacy-statement/?lang=en-us
nothing,https://www.nielsen.com/legal/privacy-principles/
nothing,https://www.nielsen.com/legal/privacy-principles/digital-measurement-privacy-statement/
nothing,https://www.frost.com/cookie-policy/
nothing,https://www.frost.com/privacy-notice/
nothing,https://www.appfolio.com/
nothing,https://www.wellandgood.com/privacy-policy/
nothing,https://zeplin.io/privacy/
nothing,https://www.veeam.com/cookie-notice.html?ad=in-text-link
nothing,https://en.boardgamearena.com/legal?section=ppac&_gl=1*152z54z*_ga*NTc1MzY0NzkyLjE2NjI2NTc4NjM.*_ga_DWXD9R5L7D*MTY2MjY1Nzg2My4xLjEuMTY2MjY1Nzg3NC40OS4wLjA.
nothing,https://www.netgear.com/about/ad-cookie-policy/
nothing,https://www.netgear.com/about/privacy-policy/
nothing,https://www.newsbreak.com/privacy
nothing,https://www.newsbreak.com/www.allaboutcookies.org
nothing,https://www.pitneybowes.com/us/legal/privacy-statement.html
nothing,https://www.pocket-lint.com/info/policies
nothing,https://www.pocket-lint.com/info/cookies
nothing,https://www.crayola.com/privacy.aspx
nothing,https://fstoppers.com/privacy
nothing,https://1984.hosting/cookiepolicy/
nothing,https://www.dell.com/learn/us/en/uscorp1/policies-cookies-ads-emails
nothing,https://www.dell.com/learn/us/en/uscorp1/policies-privacy#cookies
nothing,https://www.yotpo.com/
nothing,https://allaboutcookies.org/
nothing,https://allaboutcookies.org/how-to-manage-cookies
nothing,https://allaboutcookies.org/how-to-clear-cookies
nothing,https://allaboutcookies.org/how-to-clear-cookies-firefox
nothing,https://allaboutcookies.org/information-in-cookies
nothing,https://allaboutcookies.org/what-is-a-cookie
nothing,https://allaboutcookies.org/what-are-persistent-cookies
nothing,https://www.cisco.com/c/en/us/about/legal/privacy-full.html?dtid=osscdc000283#cookies
nothing,https://www.cisco.com/c/en/us/about/legal/automatic-data-collection-cookies.html
nothing,https://www.quikr.com/html/policies.php#privacy-policy
nothing,https://www.ziffdavis.com/privacy
nothing,https://www.au.dk/
nothing,https://www.basf.com/us/en/legal/data-protection.html
nothing,https://www.baiconnect.com/support/privacy-statement/
nothing,https://foundation.wikimedia.org/wiki/Privacy_policy
nothing,https://www.vrbo.com/legal/privacy-policy
nothing,https://registry.godaddy/legal/privacy-policy
nothing,https://registry.godaddy/legal/cookie-policy
nothing,https://pushy.me/terms-and-privacy
nothing,https://postmarkapp.com/cookie-policy
nothing,https://postmarkapp.com/privacy-policy
nothing,https://www.ama-assn.org/about/privacy-policy#cookies
nothing,https://www.healthcare.gov/privacy/
nothing,https://www.swansea.ac.uk/
nothing,https://developer.yahoo.com/performance/rules.html#cookie_free
nothing,https://www.furaffinity.net/www.allaboutcookies.org
nothing,https://www.alz.org/security-and-privacy-policy
nothing,https://grv.media/privacy/
nothing,https://theculturetrip.com/cookie-policy/
nothing,https://www.qualys.com/company/privacy/
nothing,https://www.termsfeed.com/blog/cookies/
nothing,https://www.termsfeed.com/cookies-policy-generator/
nothing,https://www.termsfeed.com/blog/cookies-audit/
nothing,https://www.standard.co.uk/service/cookie-policy-7785319.html
nothing,https://www.standard.co.uk/service/privacy-policy-6925316.html
nothing,https://www.veed.io/privacy
nothing,https://policies.google.com/technologies/cookies?hl=en
nothing,https://policies.google.com/?hl=en
nothing,https://allaboutcookies.org/online-privacy
nothing,https://allaboutcookies.org/social-media-terms-of-service
nothing,https://allaboutcookies.org/privacy-issues-cookies
nothing,https://allaboutcookies.org/what-is-a-cookie-file
nothing,https://allaboutcookies.org/how-to-clear-cookies-microsoft-edge
nothing,https://www.getresponse.com/legal/privacy-us
nothing,https://www.getresponse.com/de/legal/cookie-policy-us
nothing,https://policies.google.com/technologies/cookies?hl=en&fg=1
nothing,https://www.vidora.com/privacy-policy/
nothing,https://studylib.net/privacy
nothing,https://ex.co/cookies-policy/
nothing,https://allaboutcookies.org/how-to-clear-cookies-chrome
nothing,https://allaboutcookies.org/p3p-cookies
nothing,https://allaboutcookies.org/privacy
nothing,https://apester.com/cookie-policy/
nothing,https://apester.com/privacy-policy/?sId=a3eeffd2-30dc-4336-a40a-16e624a16a3e
nothing,https://allaboutcookies.org/what-are-session-cookies
nothing,https://allaboutcookies.org/cookies-personalized-content
nothing,https://allaboutcookies.org/how-to-clear-flash-cookies
nothing,https://golunapark.com/privacy-policy/
nothing,https://www.proz.com/privacy
nothing,https://www.eventbrite.com/support/articles/en_US/Troubleshooting/eventbrite-cookie-policy?lg=en_US
nothing,https://www.smithsonianmag.com/privacy/cookie-policy/
nothing,https://cancer.ca/en/privacy-policy
nothing,https://info.flip.com/about/trust-and-safety/privacy-policy.html
nothing,https://www.wpzoom.com/cookie-policy/
nothing,https://www.vizio.com/en/terms/privacy-policy
nothing,https://allaboutcookies.org/manage-cookies/index.html%20
nothing,https://www.whatsapp.com/legal/privacy-policy
nothing,https://adf.ly/privacy
nothing,https://www.rovio.com/privacy/
nothing,https://travelerdoor.com/privacy-policy/
nothing,https://travelerdoor.com/wp-content/uploads/2019/05/www.allaboutcookies.org
nothing,https://www.gofundme.com/c/privacy
nothing,https://www.uipath.com/legal/trust-and-security/cookies-policy
nothing,https://www.menulog.co.nz/info/privacy-policy
nothing,https://www.pff.com/privacy
nothing,https://www.canlii.org/en/info/privacy.html
nothing,https://www.publitas.com/privacy/
nothing,https://www.igvita.com/2016/08/26/stop-cross-site-timing-attacks-with-samesite-cookies/
nothing,https://datatracker.ietf.org/doc/html/draft-ietf-httpbis-cookie-same-site-00
nothing,https://datatracker.ietf.org/doc/html/draft-west-first-party-cookies
nothing,https://www.merriam-webster.com/cookie-policy
nothing,https://www.arin.net/about/privacy/
nothing,https://www.adt.com/about-adt/legal/privacy-policy
nothing,https://www.girlscouts.org/en/footer/help/privacy-policy.html
nothing,https://www.optum.com/privacy-policy.html
nothing,https://tulsaworld.com/privacy/
nothing,https://www.leaf.tv/privacy-policy
nothing,https://www.notonthehighstreet.com/about/privacy-and-cookies
nothing,https://www.notonthehighstreet.com/about/cookies
nothing,https://www.notonthehighstreet.com/about/privacy
nothing,https://www.notonthehighstreet.com/about/candidate-privacy-policy
nothing,https://policies.google.com/privacy
nothing,https://policies.google.com/technologies/cookies
nothing,https://policies.google.com/technologies/ads
nothing,https://amplify.com/customer-privacy/
nothing,https://www.ecowatch.com/privacy-policy-1886693857-1886693857.html
nothing,https://www.linkedin.com/legal/cookie-policy?trk=homepage-basic_footer-cookie-policy
nothing,https://www.linkedin.com/legal/cookie-policy
nothing,https://www.linkedin.com/legal/cookie-policy?trk=content_footer-cookie-policy
nothing,https://www.informatech.com/cookie-policy
nothing,https://www.sonypictures.com/corp/privacy.html
nothing,https://support.microsoft.com/en-us/windows/delete-and-manage-cookies-168dab11-0753-043d-7c16-ede5947fc64d#ie=ie-11.
nothing,https://www.nortonlifelock.com/us/en/privacy/cookies-and-analytics/
nothing,https://www.cisa.gov/privacy-policy
nothing,https://www.squarespace.com/privacy
nothing,https://meaww.com/page/privacy
nothing,https://www.autonews.com/privacy-policy?adobe_mc=MCMID%3D55460197127392775302821121609810352040%7CMCORGID%3D138FFF2554E6E7220A4C98C6%2540AdobeOrg%7CTS%3D1666131405
nothing,https://www.autonews.com/privacy-policy?adobe_mc=MCMID%3D39952122829847577462347140484198213876%7CMCORGID%3D138FFF2554E6E7220A4C98C6%2540AdobeOrg%7CTS%3D1662643500
nothing,https://www.nperf.com/en/about-us/#pp
nothing,https://whimsical.com/privacy
nothing,https://www.jbl.com/cookie_policy.html
nothing,https://allaboutcookies.org/california-cookie-consent
nothing,https://allaboutcookies.org/do-i-need-cookie-policy-website
nothing,https://allaboutcookies.org/how-to-change-privacy-settings
nothing,https://www.soas.ac.uk/utility/cookies.html
nothing,https://webzilla.com/legal/cookies
nothing,https://webzilla.com/legal/cookies/
nothing,https://www.amtrak.com/planning-booking/policies/privacy-policy.html
nothing,https://uplandsoftware.com/privacy/
nothing,https://netlify.app/privacy/
nothing,https://www.swissinfo.ch/eng/data-privacy-statement/133174
nothing,https://flickr.com/help/cookies
nothing,https://flickr.com/help/privacy
nothing,https://flickr.com/account/privacy
nothing,https://www.hostinger.com/privacy-policy
nothing,https://instapage.com/privacy-policy
nothing,https://www.vitalsource.com/privacy
nothing,https://www.vitalsource.com/cookies
nothing,https://www.voxmedia.com/legal/privacy-notice
nothing,https://www.voxmedia.com/legal/cookie-policy
nothing,https://gallaudet.edu/privacy-policy/
nothing,https://paperswithcode.com/site/cookies-policy
nothing,https://corp.mediatek.com/cookie-statement
nothing,https://automattic.com/privacy/
nothing,https://www.bidswitch.com/cookie-statement/
nothing,https://www.bhaskar.com/cookie-policy?ref=inbound_RHS
nothing,https://www.bhaskar.com/cookie-policy
nothing,https://www.allocine.fr/service/cookies.html
nothing,https://zetaglobal.com/privacy-policy/
nothing,https://security.intuit.com/intuit-cookie-policy
nothing,https://en.wikipedia.org/wiki/HTTP_cookie
nothing,https://en.wikipedia.org/wiki/Internet_privacy#HTTP_cookies
nothing,https://foundation.wikimedia.org/wiki/Wikimedia_blog_privacy_policy
nothing,https://foundation.wikimedia.org/w/index.php?oldid=126409
nothing,https://pressbooks.pub/privacy-policy/
nothing,https://mobilefuse.com/privacy-policy
nothing,https://justgiving.com/
nothing,https://www.aaas.org/privacy-policy
nothing,https://adspy.com/privacy.html
nothing,https://www.fancode.com/about/privacy-policy
nothing,https://www.csair.com/us/en/orders/service/cookiepolicy/index.shtml
nothing,https://www.csair.com/us/en/orders/service/cookiepolicy/
nothing,https://www.any.do/legal/privacy-policy
nothing,https://www.spotify.com/us/legal/cookies-policy/
nothing,https://www.base64decode.org/privacy/
nothing,https://help.netflix.com/legal/privacy#cookies
nothing,https://www.hattrick.org/en/Help/Privacy.aspx
nothing,https://www.sandiegouniontribune.com/privacy-policy
nothing,https://www.catchtiger.com/en/algemeen/privacy-statement/
nothing,https://www.ntu.edu.sg/footer/ntu-privacy-statement
nothing,https://www.zendesk.com/company/agreements-and-terms/cookie-policy/
nothing,https://telegram.org/privacy
nothing,https://corp.bandsintown.com/cookie-policy
nothing,https://www.medianewsgroup.com/privacy-policy/
nothing,https://www.medianewsgroup.com/cookie-policy/
nothing,https://www.selectmedia.asia/learn-more-about-cookies/
nothing,https://policies.google.com/privacy?hl=en
nothing,https://policies.google.com/technologies/ads?hl=en
nothing,https://www.primevideo.com/help/ref=atv_hp_nd_nav?nodeId=GZVH7DTWNBGPRPDS
nothing,https://casper.com/privacy/
nothing,https://www.forter.com/cookie-policy/
nothing,https://www.forter.com/privacy-policy/
nothing,https://www.qrcode-monkey.com/
nothing,https://www.immutable.com/privacy-policy
nothing,https://www.mayoclinic.org/about-this-site/privacy-policy
nothing,https://www.pakwheels.com/privacy-policy
nothing,https://www.eltiempo.es/legal/politica-cookies.html
nothing,https://www.catapultx.com/privacy-policy
nothing,https://kprofiles.com/privacy-policy/
nothing,https://www.carbonbrief.org/cookies/
nothing,https://tripadvisor.mediaroom.com/uk-privacy-policy
nothing,https://tripadvisor.mediaroom.com/UK-privacy-policy-2019
nothing,https://chatdate.app/privacy/
nothing,https://www.frequencyads.com/cookie-policy
nothing,https://www.intercom.com/legal/privacy
nothing,https://unherd.com/privacy-policy/
nothing,https://www.king5.com/privacy
nothing,https://www.joinsmarty.com/cookies
nothing,https://www.vacasa.com/policies
nothing,https://builderall.com/privacy-policy
nothing,https://www.amazon.fr/gp/help/customer/display.html?nodeId=201890250&ref_=footer_cookies_notice
nothing,https://www.whatsapp.com/legal/privacy-policy-eea
nothing,https://www.listrak.com/privacy-and-terms/privacy-policy
nothing,https://www.strava.com/legal/cookie_policy
nothing,https://www.mediamath.com/privacy-policy/#Section-6
nothing,https://support.google.com/chrome/answer/95647?hl=en#zippy=%2Cdelete-cookies-from-a-period-of-time
nothing,https://docs.github.com/en/site-policy/privacy-policies/github-privacy-statement
nothing,https://docs.github.com/en/site-policy/privacy-policies/github-subprocessors-and-cookies
nothing,https://www.mundodeportivo.com/politica-cookies.html
nothing,https://www.aznude.com/privacy.html
nothing,https://www.bis.org/privacy.htm?m=3108
nothing,https://www.bis.org/privacy.htm
nothing,https://www.militaryonesource.mil/legal-security/privacy-policy/
nothing,https://www.glarysoft.com/inf/privacy-policy/
nothing,https://www.omaze.com/pages/privacy
nothing,https://ico.org.uk/action-weve-taken/cookies/
nothing,https://www.iubenda.com/privacy-policy/8009648/legal?from_cookie_policy=true&no_markup=false
nothing,https://www.iubenda.com/privacy-policy/8009648/legal?from_cookie_policy=true
nothing,https://cm.usatoday.com/cookies
nothing,https://tnsi.com/privacy-policy/
nothing,https://www.research.net/mp/legal/cookies/?ut_ctatext=Cookies+Notice&ut_source=research_net&ut_source3=footer
nothing,https://www.evilangel.com/en/?s=1
nothing,https://sift.com/site-privacy
nothing,https://theprint.in/privacy-policy/
nothing,https://www.freeimages.com/privacy
nothing,https://www.modelhub.com/information/privacy
nothing,https://www.tenforums.com/privacy_policy.php
nothing,https://www.hola.com/us/contacto/cookies/
nothing,https://www.bestcolleges.com/privacy-policy/
nothing,https://privacy.kuehne-nagel.com/#/website-privacy-policy/en_GB
nothing,https://www.tide.co/cookie-policy/
nothing,https://www.deseret.com/legal/cookie-policy
nothing,https://www.deseret.com/legal/privacy-notice
nothing,https://www.rice.edu/privacy
nothing,https://www.anthology.com/trust-center/cookie-statement
nothing,https://www.thirteen.org/about/privacy-policy/
nothing,https://www.fox26houston.com/privacy-policy
nothing,https://calendly.com/
nothing,https://calendly.com/is-easy
nothing,https://www.purepeople.com/site/politiquecookies
nothing,https://www.dallasnews.com/help/privacy-policy/
nothing,https://www.sage.com/fr-fr/informations-legales/protection-vie-privee-cookies/
nothing,https://sectigo.com/
nothing,https://resy.com/privacy
nothing,https://www.flightglobal.com/cookie-policy/cookie-policy/134640.article
nothing,https://support.google.com/chrome/answer/95647?hl=en-GB#zippy=%2Callow-or-block-cookies
nothing,https://www.spreadshirt.com/privacy-policy-C3259
nothing,https://support.mozilla.org/en-US/kb/cookies-information-websites-store-on-your-computer
nothing,https://support.mozilla.org/en-US/products/firefox/protect-your-privacy/cookies
nothing,https://support.mozilla.org/en-US/kb/clear-cookies-and-site-data-firefox
nothing,https://www.harley-davidson.com/us/en/index.html
nothing,https://www.harley-davidson.com/us/en/footer/utility/cookie-policy.html
nothing,https://qservers.ng/privacy-policy/
nothing,https://www.newcastle.edu.au/privacy
nothing,https://www.o2.cz/osobni/cookies#cookie-4
nothing,https://w3techs.com/technologies/details/ce-cookies
nothing,https://w3techs.com/technologies/details/ce-nonsecurecookies
nothing,https://www.fandom.com/privacy-policy
nothing,https://gamejolt.com/privacy
nothing,https://www.kpn.com/algemeen/cookies.htm
nothing,https://my.stv.tv/terms-of-use/#cookies
nothing,https://support.microsoft.com/en-gb/windows/delete-and-manage-cookies-168dab11-0753-043d-7c16-ede5947fc64d
nothing,https://txxx.com/information/#cookies_policy
nothing,https://kontakt.svt.se/guide/hitta-och-ta-bort-cookies?category=support
nothing,https://kontakt.svt.se/guide/cookies-och-personuppgifter?category=support
nothing,https://kontakt.svt.se/cookies
nothing,https://www.worldbank.org/en/about/legal/privacy-notice
nothing,https://www.mines.edu/privacy/privacy-statement/
nothing,https://www.parallels.com/about/legal/cookie-policy/
nothing,https://www.parallels.com/cookie-policy/
nothing,https://mxtoolbox.com/privacypolicy.aspx
nothing,https://www.citationmachine.net/resources/cookie-notice/
nothing,https://logix.in/privacy-policy/
nothing,https://www.tes.com/terms-conditions/privacy-policy
nothing,https://pages.lazada.com.ph/wow/gcp/route/lazada/ph/upr_1000345_lazada/channel/ph/upr-router/render?spm=a2o4l.10450891.footer_top.13.5fbccba8MDlNFi&hybrid=1&data_prefetch=true&prefetch_replace=1&at_iframe=1&wh_pid=/lazada/channel/ph/legal/privacy-policy
nothing,https://pages.lazada.com.ph/wow/gcp/route/lazada/ph/upr_1000345_lazada/channel/ph/upr-router/render?spm=a2o4l.tm80164183.footer_top.13.261fpbQOpbQOeJ&hybrid=1&data_prefetch=true&prefetch_replace=1&at_iframe=1&wh_pid=/lazada/channel/ph/legal/privacy-policy
nothing,https://www.worldvision.org/privacy-policy
nothing,https://hipertextual.com/politica-cookies
nothing,https://www.beaxy.com/legal/privacy/
nothing,https://www.gog.com/
nothing,https://childrenshealthdefense.org/about-us/privacy-policy/
nothing,http://www.whatarecookies.com/
nothing,http://www.whatarecookies.com/cookietest.asp
nothing,http://www.whatarecookies.com/enable.asp
nothing,http://www.whatarecookies.com/delete.asp
nothing,http://www.whatarecookies.com/view.asp
nothing,https://www.aarp.org/about-aarp/privacy-policy/
nothing,https://docs.readthedocs.io/en/stable/privacy-policy.html
nothing,https://www.westhost.com/terms-and-conditions/westhost-cookie-policy/
nothing,https://cointiply.com/privacy
nothing,https://www.epicgames.com/site/en-US/privacypolicy
nothing,https://www.care2.com/privacy-policy
nothing,https://customer-service.on-running.com/en-us/privacy_policy
nothing,https://chartbeat.com/privacy/
nothing,https://www.gobiernodecanarias.org/principal/politica-de-cookies/
nothing,https://www.paycor.com/privacy-policy/
nothing,https://privacy.microsoft.com/en-us/privacystatement
nothing,https://skift.com/privacy/
nothing,https://www.hangseng.com/en-hk/resources/important-message/#cookies
nothing,https://www.correios.com.br/falecomoscorreios/politica-de-privacidade-e-cookies
nothing,https://www.icrc.org/en/privacy-policy
nothing,https://www.deccanchronicle.com/privacy-policy
nothing,https://www.neighborhoodscout.com/legal/privacy-policy
nothing,https://m.starmakerstudios.com/setting/privacy/sm/index
nothing,https://prismic.io/legal/privacy
nothing,https://legal.eu.wargaming.net/en/privacy-policy/
nothing,https://okmagazine.com/s/cookie-policy/
nothing,https://policies.google.com/
nothing,https://languagetool.org/legal/privacy
nothing,https://www.tapcart.com/privacy-policy
nothing,https://www.mcdonalds.com/us/en-us/privacy.html#California-notice
nothing,https://www.hhs.gov/web/policies-and-standards/hhs-web-policies/privacy/index.html
nothing,https://www.thermofisher.com/us/en/home/global/privacy-policy.html
nothing,https://www.thermofisher.com/us/en/home/global/how-cookies-are-used.html
nothing,https://www.nintendo.de/Rechtliche-Informationen/Webseiten-Datenschutzerklarung/Webseiten-Datenschutzerklarung-637785.html#trackingcookies
nothing,https://company.photoshelter.com/privacy/
nothing,https://www.helpguide.org/cookie-policy.htm
nothing,https://www.wwltv.com/privacy
nothing,https://support.microsoft.com/en-us/windows/delete-and-manage-cookies-168dab11-0753-043d-7c16-ede5947fc64d
nothing,https://economipedia.com/privacidad/cookies
nothing,https://www.everyaction.com/cookie-policy/
nothing,https://www.lyst.com/help/cookie-policy/
nothing,https://www.rememberthemilk.com/help/privacy.rtm
nothing,http://www.whatarecookies.com/settings.asp
nothing,https://www.naeyc.org/privacy-statement#cookies
nothing,https://ns1.com/privacy
nothing,https://inews.co.uk/privacy-policy
nothing,https://www.tuko.co.ke/privacy/
nothing,https://www.hsn.com/content/PrivacyPolicy/743
nothing,https://www.websupport.sk/cookies/
nothing,https://abcnews.go.com/GMA/Food/video/filipino-cookies-transporting-people-back-childhood-89908656
nothing,https://wefunder.com/terms#privacy
nothing,https://www.mediahuis.ie/cookiepolicy/
nothing,https://www.fcps.edu/blog/special-delivery-davis-career-center-students-bring-handmade-cookies-and-joy-superintendent
nothing,https://www.elnacional.cat/ca/politica-de-cookies.html
nothing,https://liveuamap.com/about#cookies
nothing,https://www.daraz.com.bd/wow/i/bd/help-pages/privacy-policy?spm=a2a0e.home.footer_top.16.735212f7hebYkk&hybrid=1&scm=1003.4.icms-zebra-100022982-2888463.OTHER_6051348805_2538033
nothing,https://www.daraz.com.bd/wow/i/bd/help-pages/privacy-policy?spm=a2a0e.home.footer_top.16.735212f7l3mdLk&hybrid=1&scm=1003.4.icms-zebra-100022982-2888463.OTHER_6051348805_2538033
nothing,https://www.daraz.com.bd/wow/i/bd/help-pages/privacy-policy?spm=a2a0e.home.footer_top.16.735212f7KPsnNX&hybrid=1&scm=1003.4.icms-zebra-100022982-2888463.OTHER_6051348805_2538033
nothing,https://www.wsp.com/en-us/legal/cookie-policy-test
nothing,https://www.marshmclennan.com/
nothing,https://www.buymeacoffee.com/privacy-policy
nothing,https://www.iai-sa.com/pl/polityka-prywatnosci-i-bezpieczenstwa/polityka-plikow-cookies-na-stronach-iai-sp-z-o-o-i-powiazanych/
nothing,https://www.pushwoosh.com/privacy-cookie-policy/
nothing,https://www.pushwoosh.com/privacy-cookie-policy
nothing,https://www.pushwoosh.com/privacy-policy-website
nothing,https://www.pushwoosh.com/privacy-policy-services
nothing,https://www.viacomcbsprivacy.com/en/cookies?r=www.sho.com
nothing,https://www.naturalnews.com/PrivacyPolicy.html
nothing,https://samaritanspurse.org/our-ministry/privacy-policy/
nothing,https://www.ionos.de/cookies
nothing,https://www.tapatalk.com/privacy_policy
nothing,https://legal.fabfitfun.com/#privacy-policy
nothing,https://portswigger.net/privacy
nothing,https://www.cheapflights.com/privacy/
nothing,https://privacy.cornell.edu/information-use-cornell?__hstc=75100365.522d9c4aadfe3db6cf621c1f556315ef.1662646487550.1662646487550.1662646487550.1&__hssc=75100365.1.1662646487551&__hsfp=4151863919
nothing,https://www.oppo.com/en/privacy/?tab=4
nothing,https://www.stanza.co/privacy
nothing,https://animoto.com/legal/privacy_policy
nothing,https://www.wnyc.org/privacy/
nothing,https://www.patriots.com/privacy-policy
nothing,https://generalassemb.ly/privacy_policy
nothing,https://glowing.com/privacy
nothing,https://www.venatus.com/privacy-policy
nothing,https://clearxchange.com/
nothing,https://retargetly.com/privacy-policy
nothing,https://playbill.com/article/privacy-policy
nothing,https://www.tenable.com/privacy-policy
nothing,https://www.viacomcbsprivacy.com/en/cookies?r=www.startrek.com
nothing,https://www.forbes.com.mx/politica-de-cookies/
nothing,https://support.microsoft.com/es-es/windows/eliminar-y-administrar-cookies-168dab11-0753-043d-7c16-ede5947fc64d
nothing,https://www.editorx.com/info/privacy
nothing,https://www.reflexisinc.com/privacy-policy/
nothing,https://www.michelin.com/en/privacy-policy/
nothing,https://www.michelin.com/en/cookies-policy
nothing,https://pornez.net/privacy-policy/
nothing,https://www.nintendo.it/Informazioni-legali/Policy-sulla-privacy-del-sito/Policy-sulla-privacy-del-sito-637785.html#trackingcookies
nothing,https://www.stuba.sk/sk/stu/uradna-tabula/vyuzivanie-suborov-cookies.html?page_id=9298
nothing,https://www.mediafire.com/policies/privacy_policy.php
nothing,https://www.attentive.com/privacy
nothing,https://350.org/cookies/
nothing,https://350.org/privacy/
nothing,https://www.bookdepository.com/help/topic/HelpId/20/Our-privacy-policy#helpContent
nothing,https://www.hoteltonight.com/terms-of-use/cookie-terms
nothing,https://www.yotpo.com/privacy-policy/
nothing,https://www.wizcase.com/blog/understanding-cookies-and-data-protection/
nothing,https://www.urban-vpn.com/about-us/privacy/www.allaboutcookies.org
nothing,https://www.truist.com/privacy
nothing,https://www.barco.com/en/about-barco/legal/cookie-policy
nothing,https://www.above.com/privacy-policy.html
nothing,https://serverstack.com/privacy.html
nothing,https://sonobi.com/privacy-policy/
nothing,https://www.phonearena.com/cookies
nothing,https://www.phonearena.com/privacy
nothing,https://www.wartsila.com/legal-privacy/cookies
nothing,https://tim.blog/cookie-policy/
nothing,https://tim.blog/privacy-policy/
nothing,https://pushpay.com/legal-center/cookie-notice/
nothing,https://www.blooket.com/privacy
nothing,https://www.anandabazar.com/cookiepolicy
nothing,https://www.iubenda.com/privacy-policy/86497548/legal
nothing,https://www.jamcity.com/privacyandterms/
nothing,https://code.org/privacy
nothing,https://carrd.co/docs/general/privacy
nothing,https://www.tecnavia.com/eedition/tecnavia-privacy-policy/
nothing,https://myanimelist.net/about/cookie_policy
nothing,https://www.justia.com/privacy-policy/
nothing,https://ridewithvia.com/privacy-policy/
nothing,https://www.epicgames.com/site/en-US/privacypolicy?lang=en-US
nothing,https://www.usmint.gov/policies/privacy-policy
nothing,https://www.acquisition.gov/cookies-opt-out
nothing,https://www.csus.edu/information-resources-technology/information-security/privacy-policy.html
nothing,https://support.mozilla.org/en-US/kb/cookies-information-websites-store-on-your-computer?redirectlocale=en-US&redirectslug=Cookies
nothing,https://www.mozilla.org/en-US/privacy/websites/#cookies
nothing,https://www.nbcuniversal.com/privacy?intake=NBC_Entertainment
nothing,https://www.nbcuniversal.com/privacy/cookies
nothing,https://resumegenius.com/privacy-policy#do-california-residents-have-specific-privacy-rights
nothing,https://www.redorbit.com/privacy-statement/
nothing,https://www.fujitsu.com/global/
nothing,https://www.routematch.com/privacy/
nothing,https://www.georgiasouthern.edu/privacy/
nothing,https://www.gainsight.com/policy/
nothing,https://www.gainsight.com/policy/cookie-policy/
nothing,https://vungle.com/privacy/
nothing,https://hypebeast.com/privacy
nothing,https://www.hootsuite.com/legal/cookies
nothing,https://privacy.thewaltdisneycompany.com/en/current-privacy-policy/
nothing,https://www.bigfishgames.com/us/en/company/cookie-policy.html
nothing,https://depor.com/politicas-cookies/
nothing,https://legal.opera.com/cookies/
nothing,https://help.kijiji.ca/helpdesk/policies/kijiji-privacy-policy
nothing,https://www.everydayhealth.com/privacyterms/#everyday_health_privacy_policy
nothing,https://www.everydayhealth.com/cookie-policy/
nothing,https://www.ajc.com/privacy-policy/
nothing,https://presscustomizr.com/
nothing,https://vercel.com/legal/cookie-policy
nothing,https://www.warriorforum.com/privacy.html?utm_source=internal&utm_medium=footer&utm_campaign=feed
nothing,https://www.semrush.com/
nothing,https://labs.upsellit.com/privacy-policy
nothing,https://www.bodis.com/terms/privacy-policy
nothing,https://www.yottagames.com/en/article/privacy_policy
nothing,https://drop.com/privacy
nothing,https://www.foxy.io/privacy-policy
nothing,https://tealium.com/cookie-policy/
nothing,https://tealium.com/privacy-policy/
nothing,https://www.lboro.ac.uk/privacy/cookies/
nothing,https://oarc.duke.edu/privacy/duke-university-privacy-statement
nothing,https://www.vietnamairlines.com/us/en/legal/cookies-policy
nothing,https://krisp.ai/privacy-policy/
nothing,https://recruitee.com/privacy-policy
nothing,https://privacy.apache.org/policies/privacy-policy-public.html
nothing,https://www.ipsy.com/privacy
nothing,https://www.javbus.com/doc/privacy
nothing,https://www.atlassian.com/legal/cookies
nothing,https://www.primatelabs.com/legal/privacy.html
nothing,https://meta.wikimedia.org/wiki/Privacy_policy
nothing,https://www.cdc.gov/other/privacy.html
nothing,https://www.cdc.gov/other/cookies.html
nothing,https://client.updatestar.com/en/privacy
nothing,https://www.chinahighlights.com/privacy.htm
nothing,https://copyright.gov/about/privacy-policy.html
nothing,https://www.hotwire.com/en/content/cookies
nothing,https://www.fcc.gov/privacy
nothing,https://www.flhsmv.gov/privacy-statement/about-cookies/
nothing,https://www.gazetadopovo.com.br/politica-de-cookies/
nothing,https://act-on.com/privacy-policy/
nothing,https://www.neatorama.com/privacy-policy/
nothing,https://www.allianz.de/datenschutz/cookies/
nothing,https://www.topuniversities.com/cookies-policy
nothing,https://www.educative.io/cookie-policy
nothing,https://vimeo.com/cookie_policy
nothing,https://whereby.com/information/tos/cookie-policy/
nothing,https://stripe.com/legal/cookies-policy
nothing,https://www.mangaworld.in/cookies
nothing,https://forums.minecraftforge.net/profile/71960-wehavecookies56/
nothing,https://support.mozilla.org/en-US/kb/enhanced-tracking-protection-firefox-desktop?redirectslug=enable-and-disable-cookies-website-preferences&redirectlocale=en-US
nothing,https://www.webgains.com/public/en/privacy-2/
nothing,https://www.medallia.com/privacy-policy/
nothing,https://www.iubenda.com/privacy-policy/12956022/legal?from_cookie_policy=true&an=no
nothing,https://www.fda.gov/safety/recalls-market-withdrawals-safety-alerts/hammonds-candies-issues-allergy-alert-undeclared-peanut-salted-caramel-cookies
nothing,https://www.fda.gov/about-fda/about-website/website-policies
nothing,https://www.timeanddate.com/custom/cookies.html
nothing,https://www.ing.it/collegamenti-utili/privacy/come-sono-utilizzati-i-cookies-da-parte-di-ing.html
nothing,https://www.koreatimes.co.kr/www2/common/privacy.asp
nothing,https://eula.askapplications.com/cookies/
nothing,https://www.ebay.co.uk/help/policies/member-behaviour-policies/ebay-cookie-notice?id=4267
nothing,https://www.ebay.co.uk/help/policies/member-behavior-policies/user-privacy-notice?id=4260
nothing,https://www.ebay.co.uk/help/policies/member-behaviour-policies/user-cookie-notice?id=4267
nothing,https://www.ebay.co.uk/help/policies/member-behaviour-policies/user-privacy-notice?id=4260
nothing,https://www.ebay.co.uk/help/policies/member-behaviour-policies/user-privacy-notice-privacy-policy?id=4260
nothing,https://www.hostinger.in/privacy-policy
nothing,https://stamped.io/privacy
nothing,https://www.usda.gov/privacy-policy
nothing,https://www.bostonglobe.com/about/help/privacy-policy/?p1=BGFooter
nothing,https://www.remotepc.com/privacy_policy
nothing,https://www.attacat.co.uk/resources/cookies
nothing,https://www.attacat.co.uk/resources/cookies-in-use
nothing,https://hostsailor.com/privacy-policy/
nothing,https://www.securly.com/privacy
nothing,https://www.securly.com/childrensPrivacy
nothing,https://www.which.co.uk/help/our-cookies-policy-your-cookies-preferences-aAuoo0H8Zif6#what-are-cookies
nothing,https://www.redtube.com/information#privacy
nothing,https://us.anker.com/policies/privacy-policy?ref=footer&_ga=2.266318026.493864775.1662599252-468139686.1662599252
nothing,https://www.dell.com/learn/us/en/uscorp1/policies-cookies-ads-emails?s=corp
nothing,https://jivox.com/privacy/
nothing,https://dos.myflorida.com/privacy-policy/
nothing,https://nairametrics.com/privacy-policy/
nothing,https://www.insider-inc.com/cookie-policy
nothing,https://www.insider-inc.com/cookie-policy/
nothing,https://www.blurb.com/privacy#managing-cookies
nothing,https://www.gm.com/privacy-statement
nothing,https://www.ladbiblegroup.com/privacy/
nothing,https://www.ladbiblegroup.com/cookie-notice-2/
nothing,https://policies.google.com/technologies/product-privacy
nothing,https://www.fit.edu/policies/web/policies/web-privacy-policy/
nothing,http://www.api.org/privacy
nothing,https://www.nationalgeographic.org/privacy-notice/
nothing,https://www.ionos.es/cookies
nothing,https://www.webmd.com/about-webmd-policies/cookie-policy
nothing,https://firstup.io/privacy-policy/
nothing,https://moz.com/privacy-policy
nothing,https://www.bigbasket.com/privacy-policy/?nc=bt
nothing,https://home.nra.org/privacy-policy/
nothing,https://www.brighthorizons.com/Privacy
nothing,https://www.sixt.com/privacy/#/
nothing,https://sweatco.in/privacy
nothing,https://www.format.com/privacy_policy
nothing,https://www.format.com/cookie_policy
nothing,https://info.xvideos.com/legal/privacy
nothing,https://www.biblegateway.com/legal/privacy/
nothing,https://www.dictionary.com/e/terms/
nothing,https://www.passeportsante.net/contenu/protection-vie-privee-cookies
nothing,https://policies.google.com/privacy?hl=en-GB&gl=uk
nothing,https://policies.google.com/technologies/ads?hl=en-GB&gl=uk
nothing,https://www.code42.com/privacy-statement/
nothing,https://www.minijuegos.com/support/cookies
nothing,https://www.host-telecom.com/privacy-policy/
nothing,https://www.ncsu.edu/privacy/
nothing,https://www.luno.com/en/legal/privacy
nothing,https://www.wisestamp.com/privacy-policy/
nothing,https://www.formsite.com/privacy/
nothing,https://www.kaiostech.com/privacy-policy/
nothing,https://pages.lazada.sg/wow/gcp/route/lazada/sg/upr_1000345_lazada/channel/sg/upr-router/sg?spm=a2o42.redmart_home.footer_top.16.e7ea9917DfvqTi&hybrid=1&data_prefetch=true&prefetch_replace=1&at_iframe=1&wh_pid=/lazada/channel/sg/legal/privacy_policy
nothing,https://boingboing.net/privacy
nothing,https://jumpcloud.com/privacy
nothing,https://matomo.org/faq/how-to/how-do-i-enforce-tracking-without-cookies/
nothing,https://matomo.org/faq/how-to/how-do-i-segment-people-that-have-been-identified-using-tracking-cookies/
nothing,https://help.disqus.com/en/articles/1717103-disqus-privacy-policy
nothing,https://www.civicplus.com/privacy-policy
nothing,https://metro.co.uk/privacypolicy/
nothing,https://www.mendix.com/privacy-policy/
nothing,https://www.christianpost.com/privacy-policy.html
nothing,https://twitter.com/en/privacy
nothing,https://www.binance.us/en/privacy-policy
nothing,https://www.jixie.io/privacy-policy/
nothing,https://www.worldnomads.com/privacy
nothing,https://www.gadgetsnow.com/cookiepolicy.cms
nothing,https://www.gadgetsnow.com/privacypolicy
nothing,https://www.aenetworks.com/cookie-notice
nothing,https://www.jamaicaobserver.com/section/privacy/
nothing,https://www.knowing-jesus.com/privacy-policy
nothing,https://www.ui.com/legal/privacypolicy/
nothing,https://its.sfsu.edu/privacynotice
nothing,https://legal.eu.wargaming.net/en/privacy-policy/?_gl=1*1o5dug*local_ga*NDUwMzI0MTEuMTY2NjE1NTMwMg..*local_ga_JXR7Q0F7EQ*MTY2NjE1NTMwMS4xLjAuMTY2NjE1NTMwMy41OC4wLjA.&_ga=2.180621028.254134891.1666155302-45032411.1666155302
nothing,https://legal.eu.wargaming.net/en/privacy-policy/?_gl=1*1i9hvmg*local_ga*MTczNTA2OTI4MS4xNjYyNjMyNjYy*local_ga_JXR7Q0F7EQ*MTY2MjYzMjY2Mi4xLjAuMTY2MjYzMjY2Mi42MC4wLjA.&_ga=2.34714977.1773062725.1662632662-1735069281.1662632662
nothing,https://legal.eu.wargaming.net/en/privacy-policy/?_gl=1*uhwd3d*local_ga*MTcxMzk4NzIzNC4xNjYzMjA0ODcy*local_ga_JXR7Q0F7EQ*MTY2MzIwNDg3Mi4xLjAuMTY2MzIwNDg3Mi42MC4wLjA.&_ga=2.104591427.2111101001.1663204873-1713987234.1663204872
nothing,https://www.howtopronounce.com/page/cookies
nothing,https://www.twilio.com/legal/privacy
nothing,https://qualaroo.com/privacy-policy/
nothing,https://www.gouvernement.fr/donnees-personnelles-et-cookies
nothing,https://www.plesk.com/legal/#privacy-policy
nothing,https://whitney.org/privacy-policy
nothing,https://www.ivanti.com/
nothing,https://www.skinnytaste.com/legal/
nothing,https://bere.al/en/privacy
nothing,https://keywordtool.io/privacy-policy
nothing,https://coin360.com/about/cookies
nothing,https://coin360.com/about/privacy
nothing,https://food52.com/p/privacy
nothing,https://www.ada.org/privacy-notice#more-about-privacy
nothing,https://corp.narvar.com/cookie-policy
nothing,https://corp.narvar.com/cookie-policy/
nothing,https://corp.narvar.com/privacy-policy
nothing,https://www.huffingtonpost.es/static/cookies-y-otras-tecnologias
nothing,https://www.prisa.com/es/info/politica-de-cookies-publi
nothing,https://ico.org.uk/your-data-matters/online/cookies/
nothing,https://www.checkout.com/legal/cookie-policy
nothing,https://www.classcentral.com/about/cookies-policy
nothing,https://support.mozilla.org/en-US/kb/clear-cookies-and-site-data-firefox?redirectslug=delete-cookies-remove-info-websites-stored&redirectlocale=en-US
nothing,https://support.mozilla.org/en-US/kb/delete-cookies-remove-info-websites-stored?redirect=no
nothing,https://zvelo.com/privacy-policy/
nothing,https://www.domestika.org/en/privacy
nothing,https://www.telus.com/en/about/privacy/cookies?linktype=subnav
nothing,https://www.groovypost.com/howto/delete-clear-google-chrome-cache-cookies-browsing-history/
nothing,https://www.groovypost.com/privacy-policy/
nothing,https://policy.ku.edu/provost/privacy-policy
nothing,https://money.com/privacy/
nothing,https://www.workplace.com/legal/WP_Work_Privacy
nothing,https://dinahosting.com/legal/cookies
nothing,https://support.microsoft.com/en-us/windows/delete-and-manage-cookies-168dab11-0753-043d-7c16-ede5947fc64d#ie=ie-10
nothing,https://www.houstonpress.com/about/privacy-policy
nothing,https://society6.com/privacy
nothing,https://www.wgbh.org/help/2018/04/30/privacy-policy
nothing,https://youmaker.com/policies/cookie
nothing,https://www.ssa.gov/agency/privacy.html
nothing,https://www.hemnet.se/om/cookies
nothing,https://www.condenast.co.uk/cookie-notice/
nothing,https://www.informatica.com/privacy-policy.html
nothing,https://webtribunal.net/cookie-policy/
nothing,https://www.uniovi.es/politicacookies
nothing,https://www.aepd.es/es/politica-de-cookies
nothing,https://www.leadpages.com/privacy
nothing,https://usinternet.com/privacy-policy/
nothing,https://support.mozilla.org/fr/kb/protection-renforcee-contre-pistage-firefox-ordinateur?redirectslug=activer-desactiver-cookies&redirectlocale=fr
nothing,https://support.mozilla.org/fr/kb/activer-desactiver-cookies-preferences?redirect=no
nothing,https://www.npr.org/609791368
nothing,https://www.emerson.com/en-us/privacy-notice
nothing,https://www.sei.cmu.edu/legal/privacy-notice/index.cfm
nothing,https://missoulian.com/privacy/
nothing,https://www.caffeine.tv/privacy.html
nothing,https://connexity.com/cookie-policy/
nothing,https://www.aap.org/en/pages/privacy-statement/
nothing,https://privacy.streamable.com/
nothing,https://www.freeones.com/privacy_policy
nothing,https://www.kissmetrics.io/privacy/
nothing,https://www.freightwaves.com/privacy-policy
nothing,https://www.bayut.com/terms.html
nothing,https://glovoapp.com/en/legal/cookies/
nothing,https://oureverydaylife.com/privacy-policy
nothing,https://www.gracenote.com/privacy-statement/
nothing,https://tinyurl.com/app/cookies-policy
nothing,https://foundation.wikimedia.org/wiki/Cookie_statement
nothing,https://www.maketecheasier.com/privacy-policy/
nothing,https://pmc.com/privacy-policy/
nothing,https://pmc.com/cookie-notice/
nothing,https://design-milk.com/privacy/
nothing,https://makeagif.com/privacy
nothing,https://www.buybuybaby.com/store/static/PrivacyPolicy
nothing,https://www.kvue.com/privacy
nothing,https://porntop.com/info.php?type=policy
nothing,https://www.ftc.gov/policy-notices/privacy-policy/internet-cookies
nothing,https://xgroovy.com/info/cookie_policy/
nothing,https://yoast.com/privacy-policy/
nothing,https://brownpapertickets.com/privacy-policy.html
nothing,https://datablocks.net/privacy-policy
nothing,https://www.akbars.ru/about/cookies/
nothing,https://render.com/privacy
nothing,https://www.techsmith.com/privacy-policy.html?utm_source=product&utm_medium=screencast&utm_campaign=unknown
nothing,https://www.asahq.org/about-asa/privacy-policy
nothing,https://partnerize.com/legal/privacy-statement#cookies
nothing,https://razorpay.com/privacy/
nothing,https://www.just-eat.es/info/politica-de-cookies
nothing,https://www.williams.edu/privacy/
nothing,https://www.makerbot.com/legal/privacy/
nothing,https://www.cnews.fr/politique-cookies
nothing,https://www.spin.com/privacy-policy-2/
nothing,https://www.cloudflare.com/privacypolicy/
nothing,https://gdpr-info.eu/imprint-privacy-policy/
nothing,https://pos.toasttab.com/privacy
nothing,https://www.zonealarm.com/privacy
nothing,https://www.zonealarm.com/cookies
nothing,https://www.powells.com/info/privacy
nothing,https://www.nytimes.com/privacy/cookie-policy
nothing,https://www.minnstate.edu/privacy/index.html
nothing,https://www.happycow.net/privacy-policy
nothing,https://stripchat.com/cookies-policy
nothing,https://legal.dailymotion.com/en/privacy-policy/
nothing,https://pixlr.com/cookie-policy/
nothing,https://pixlr.com/privacy-policy/
nothing,https://www.emag.ro/help/politica-de-utilizare-cookie-uri?ref=footer_4_4
nothing,https://www.toneden.io/cookie-policy
nothing,https://www.cambridge.org/legal/cookies
nothing,https://www.marriage.com/policies/privacy/
nothing,https://www.tor.com/privacy-notice/#onlinetracking
nothing,https://www.strato.com/privacy-policy/?lang=EN
nothing,https://steamcharts.com/privacy
nothing,https://secure.tagged.com/terms_of_service.html?#privacy_policy
nothing,https://www.semrush.com/company/legal/privacy-policy/
nothing,https://www.semrush.com/company/legal/cookie-policy/
nothing,https://picclick.co.uk/pages/privacy.html
nothing,https://www.l3harris.com/privacy-policy
nothing,https://www.roboform.com/privacy-policy
nothing,https://www.digistore24.com/en/page/privacy
nothing,https://vice-web-statics-cdn.vice.com/privacy-policy/en_us/page/privacy-policy.html
nothing,https://www.o2online.de/recht/cookies/
nothing,https://www.kpn.com/algemeen/cookies.htm/
nothing,https://doist.com/privacy
nothing,https://www.win-rar.com/cookies.html
nothing,https://www.wcnc.com/privacy
nothing,https://tripadvisor.mediaroom.com/br-privacy-policy
nothing,https://www.wallstreetmojo.com/cookie-policy/
nothing,https://www.smhi.se/om-webbplatsen/cookies-och-personuppgifter-1.5113
nothing,https://pts.se/sv/privat/internet/integritet/kakor-cookies/
nothing,https://radaronline.com/s/cookie-policy/
nothing,https://mobilejump.mobi/about/privacy.html
nothing,https://stocksnap.io/privacy
nothing,https://count.ly/legal/cookie-policy
nothing,https://vdoc.pub/cookie-policy
nothing,https://www.morningbrew.com/privacy?utm_medium=website&utm_source=global_footer&utm_campaign=mb
nothing,https://www.apple.com/legal/privacy/en-ww/
nothing,https://www.owenscorning.com/en-us/privacy-policy
nothing,https://cloudinary.com/privacy
nothing,https://cloudinary.com/privacy/cookie-policy
nothing,https://esputnik.com/en
nothing,https://www.criteo.com/privacy/corporate-privacy-policy/
nothing,https://wifenow.net/privacy
nothing,https://mydramalist.com/privacy
nothing,https://sumup.com/cookies/
nothing,https://sumup.com/privacy/
nothing,https://www.gao.gov/privacy-policy
nothing,https://www.lambdatest.com/legal/cookie
cookie_declaration,https://www.raspberrypi.org/cookies/
cookie_declaration,https://clickmeter.com/cookies
cookie_declaration,https://salesloft.com/cookie-policy/
cookie_declaration,https://wordpress.org/about/privacy/cookies/
cookie_declaration,https://www.aboutcookies.org/
cookie_declaration,https://www.srsacquiom.com/privacy/cookies/
cookie_declaration,https://policies.google.com/technologies/cookies?hl=en&fg=1
cookie_declaration,https://www.amsterdam.nl/privacy/cookies-site/
cookie_declaration,https://support.usabilla.com/hc/en-us/articles/115003780472-GetFeedback-Digital-cookies-and-localStorage
cookie_declaration,https://www.nhs.uk/our-policies/cookies-policy/
cookie_declaration,https://www.nhs.uk/nhs-app/nhs-app-legal-and-cookies/nhs-app-cookies-policy/
cookie_declaration,https://www.nhs.uk/our-policies/cookies-policy/cookie-settings/
cookie_declaration,https://www.veeam.com/cookie-notice.html?ad=footer
cookie_declaration,https://en.boardgamearena.com/legal?section=cook&_gl=1*1n6a1fp*_ga*NTc1MzY0NzkyLjE2NjI2NTc4NjM.*_ga_DWXD9R5L7D*MTY2MjY1Nzg2My4xLjAuMTY2MjY1Nzg2My42MC4wLjA.
cookie_declaration,https://en.boardgamearena.com/legal?section=cook&_gl=1*17quzoa*_ga*NTc1MzY0NzkyLjE2NjI2NTc4NjM.*_ga_DWXD9R5L7D*MTY2MjY1Nzg2My4xLjEuMTY2MjY1Nzg2Ni41Ny4wLjA.
cookie_declaration,https://en.boardgamearena.com/legal?section=cook&_gl=1*1hicpv5*_ga*NTc1MzY0NzkyLjE2NjI2NTc4NjM.*_ga_DWXD9R5L7D*MTY2MjY1Nzg2My4xLjEuMTY2MjY1Nzg2OS41NC4wLjA.
cookie_declaration,https://en.boardgamearena.com/legal?section=cook&_gl=1*o7oiqk*_ga*NTc1MzY0NzkyLjE2NjI2NTc4NjM.*_ga_DWXD9R5L7D*MTY2MjY1Nzg2My4xLjEuMTY2MjY1Nzg3Ni40Ny4wLjA.
cookie_declaration,https://en.boardgamearena.com/legal?section=cook&_gl=1*1esrjk4*_ga*NTc1MzY0NzkyLjE2NjI2NTc4NjM.*_ga_DWXD9R5L7D*MTY2MjY1Nzg2My4xLjEuMTY2MjY1Nzg4MC40My4wLjA.
cookie_declaration,https://www.k15t.com/legal/privacy-statement
cookie_declaration,https://app.termly.io/document/cookie-policy/cd73613a-7b1d-44d4-a076-bb982f11ce87
cookie_declaration,https://beop.io/privacy-policy
cookie_declaration,https://foundation.wikimedia.org/wiki/Cookie_statement
cookie_declaration,https://gfycat.com/privacy#cookies-advertising
cookie_declaration,https://pixieset.com/cookies/
cookie_declaration,https://www.swansea.ac.uk/privacyandcookies/
cookie_declaration,https://www.qualys.com/company/privacy/cookies/
cookie_declaration,https://www.continental.com/en/general/cookie-policy/
cookie_declaration,https://sharethis.com/privacy/
cookie_declaration,https://pfgc.com/About/Cookie-Policy
cookie_declaration,https://pfgc.com/About/California-Privacy-Policy
cookie_declaration,https://www.publitas.com/cookie-policy/
cookie_declaration,https://www.shopbop.com/ci/aboutShopBop/privacypolicy.html#cs=ov=193234351550
cookie_declaration,https://www.shopbop.com/ci/aboutShopBop/privacypolicy.html#cs=ov=191060365870
cookie_declaration,https://www.shopbop.com/ci/aboutShopBop/privacypolicy.html#cs=ov=191346406160
cookie_declaration,https://www.smartsupp.com/help/cookies/
cookie_declaration,https://www.smartsupp.com/help/privacy/
cookie_declaration,https://www.informatech.com/list-of-cookies
cookie_declaration,https://www.submittable.com/privacy/
cookie_declaration,https://dochub.com/site/cookies
cookie_declaration,https://www.openathens.net/cookies/
cookie_declaration,https://www.openathens.net/cookies
cookie_declaration,https://www.openathens.net/cookies/?cn-reloaded=1
cookie_declaration,https://www.shopify.com/legal/cookies
cookie_declaration,https://whimsical.com/cookie-policy
cookie_declaration,https://www.iubenda.com/private/privacy-policy/1897118/cookie-policy
cookie_declaration,https://www.aboutcookies.org/cookie-policy
cookie_declaration,https://www.amtrak.com/planning-booking/policies/cookie-policy.html
cookie_declaration,https://www.xunta.gal/aviso-legal-do-portal-da-xunta#cookies
cookie_declaration,https://www.chelseafc.com/en/cookies-policy
cookie_declaration,https://www.hostinger.com/cookie-policy
cookie_declaration,https://lockheedmartin.com/en-us/contact/cookies.html
cookie_declaration,https://automattic.com/cookies/
cookie_declaration,https://www.axa.com/en/page/cookie-policy
cookie_declaration,https://ably.com/privacy
cookie_declaration,https://www.smarty.com/legal/privacy-policy
cookie_declaration,https://www.primevideo.com/help/ref=atv_hp_nd_cnt?nodeId=GZVH7DTWNBGPRPDS
cookie_declaration,https://www.partycity.com/cookie-policy.html
cookie_declaration,https://richrelevance.com/cookies-list/
cookie_declaration,https://www.alzheimers.org.uk/legal-information/cookies
cookie_declaration,https://www.intercom.com/legal/cookie-policy
cookie_declaration,https://www.hg.org/cookiepolicy.html
cookie_declaration,https://www.facebook.com/policies/cookies
cookie_declaration,https://www.facebook.com/policies/cookies/
cookie_declaration,https://www.rosewoodhotels.com/en/cookie-policy
cookie_declaration,https://github.com/privacy/cookies
cookie_declaration,https://www.cision.com/legal/cookie-policy/
cookie_declaration,https://www.bis.org/cookies.htm
cookie_declaration,https://www.plus.net/help/legal/cookie-policy/
cookie_declaration,https://www.sammobile.com/privacy-cookies/
cookie_declaration,https://www.physio-pedia.com/Physiopedia:Cookie_Policy
cookie_declaration,https://www.iubenda.com/privacy-policy/8009648/cookie-policy
cookie_declaration,https://www.linkedin.com/legal/cookie-policy
cookie_declaration,https://www.linkedin.com/legal/cookie-policy?trk=content_footer-cookie-policy
cookie_declaration,https://sift.com/cookie-policy
cookie_declaration,https://my.nordaccount.com/legal/cookie-policy/
cookie_declaration,https://www.simplecast.com/cookie-declaration
cookie_declaration,https://www2.hse.ie/cookie-statement/
cookie_declaration,https://www.prestashop.com/en/prestashop-account-privacy
cookie_declaration,https://sectigo.com/legal/cookie-policy
cookie_declaration,https://policies.google.com/technologies/cookies?hl=en
cookie_declaration,https://www.zegocloud.com/cookie-policy
cookie_declaration,https://www.osano.com/legal/cookies
cookie_declaration,https://site.adform.com/privacy-center/adform-cookies/
cookie_declaration,https://www.ncl.ac.uk/info/legal/cookie-policy/
cookie_declaration,https://www.usta.com/en/home/about-usta/who-we-are/national/usta-privacy-policy.html
cookie_declaration,https://flo.health/cookie-policy
cookie_declaration,https://issuu.com/legal/cookies
cookie_declaration,https://policies.google.com/technologies/cookies
cookie_declaration,https://www.europeana.eu/en/rights/cookies-policy
cookie_declaration,https://www.gamerevolution.com/privacy-policy
cookie_declaration,https://developers.google.com/analytics/devguides/collection/analyticsjs/cookie-usage
cookie_declaration,https://www.iwm.org.uk/corporate/policies/cookies
cookie_declaration,https://www.seedtag.com/cookies-policy/
cookie_declaration,https://www.cryoutcreations.eu/privacy-policy#cookies
cookie_declaration,https://policies.google.com/technologies/cookies#types-of-cookies
cookie_declaration,https://adkernel.com/privacy-policy/
cookie_declaration,https://stackoverflow.com/legal/cookie-policy
cookie_declaration,https://www.mailjet.com/legal/privacy-policy/cookies/
cookie_declaration,https://babiato.co/help/cookies/
cookie_declaration,https://www.insead.edu/
cookie_declaration,https://www.bookdepository.com/help/topic/HelpId/53/How-we-use-cookies#helpContent
cookie_declaration,https://www.tradedoubler.com/en/privacy-policy/
cookie_declaration,https://www.progress.com/documentation/sitefinity-cms/administration-secure-cookies
cookie_declaration,https://www.bt.com/consumer/cookie/about-cookies.html
cookie_declaration,https://www.thespruce.com/legal-4778019#toc-the-spruce-cookie-disclosure
cookie_declaration,https://www.bidtheatre.com/cookie-policy
cookie_declaration,https://cityfibre.com/about-us/cookie-policy
cookie_declaration,https://www.tampermonkey.net/privacy.php?ext=dhdg
cookie_declaration,https://www.iubenda.com/privacy-policy/gdpr/7763210/cookie-policy
cookie_declaration,https://www.mydomaine.com/legal-4774060#toc-cookie-disclosure
cookie_declaration,https://www.nanit.com/legal/cookie-policy
cookie_declaration,https://resumegenius.com/cookie-policy
cookie_declaration,https://policies.google.com/technologies/cookies?hl=ja&gl=jp
cookie_declaration,https://www.blizzard.com/en-us/cookies
cookie_declaration,https://www.icaew.com/icaew-policies/cookies
cookie_declaration,https://www.thesprucecrafts.com/legal-4778027#toc-the-spruce-cookie-disclosure
cookie_declaration,https://www.litcharts.com/privacy
cookie_declaration,https://www.litcharts.com/cookies
cookie_declaration,https://www.netnanny.com/support/cookie-policy/
cookie_declaration,https://www.jisc.ac.uk/website/cookies
cookie_declaration,https://www.jisc.ac.uk/website/cookies?loc=footer
cookie_declaration,https://www.cloudbeds.com/cookie-policy/
cookie_declaration,https://www.parity.io/privacy
cookie_declaration,https://www.ntnu.edu/cookies
cookie_declaration,https://krisp.ai/cookie-policy/
cookie_declaration,https://www.backblaze.com/company/privacy.html
cookie_declaration,https://www.backblaze.com/company/cookies.html
cookie_declaration,https://meta.wikimedia.org/wiki/Cookie_statement
cookie_declaration,https://gbatemp.net/help/cookies/
cookie_declaration,https://itch.io/docs/legal/cookie-policy
cookie_declaration,https://whereby.helpscoutdocs.com/article/527-policies#cookies
cookie_declaration,https://www.iubenda.com/privacy-policy/12956022/cookie-policy?an=no&s_ck=false
cookie_declaration,https://www.iubenda.com/privacy-policy/12956022/legal?from_cookie_policy=true&an=no
cookie_declaration,https://www.iubenda.com/privacy-policy/12956022/cookie-policy?an=no
cookie_declaration,https://www.hackerone.com/cookies
cookie_declaration,https://www.surrey.ac.uk/cookies
cookie_declaration,https://teamtreehouse.com/cookies
cookie_declaration,https://www.hostinger.in/cookie-policy
cookie_declaration,https://www.learnreligions.com/legal-4801763#toc-learn-religions-cookie-disclosure
cookie_declaration,https://www.historytoday.com/cookie-policy
cookie_declaration,https://admixer.com/cookies/
cookie_declaration,https://policies.gitbook.com/privacy/cookies
cookie_declaration,https://www.gov.uk/help/cookies
cookie_declaration,https://www.smartsurvey.co.uk/how-we-use-cookies
cookie_declaration,https://www.smartsurvey.co.uk/privacy-policy
cookie_declaration,https://vymaps.com/privacy/
cookie_declaration,https://taylorandfrancis.com/cookies/
cookie_declaration,https://www.byrdie.com/legal-4774059#toc-cookie-disclosure
cookie_declaration,https://www.fitanalytics.com/privacy-policy
cookie_declaration,https://www.ipl.org/about-us/privacy
cookie_declaration,https://www.xero.com/us/legal/privacy/
cookie_declaration,https://www.xero.com/us/legal/cookies/
cookie_declaration,https://documents.marketo.com/legal/cookies/
cookie_declaration,https://www.sage.com/en-us/legal/privacy-and-cookies/
cookie_declaration,https://ubuntu.com/legal/data-privacy
cookie_declaration,https://ubuntu.com/legal/data-privacy?cp=hide#cookies
cookie_declaration,https://info.xvideos.com/legal/cookiepolicy
cookie_declaration,https://www.world-nuclear.org/homepage-items/cookies-policy.aspx
cookie_declaration,https://policies.google.com/technologies/cookies?hl=en-GB&gl=uk
cookie_declaration,https://www.host-telecom.com/cookie-policy/
cookie_declaration,https://www.rsna.org/about/rsna-cookie-policy
cookie_declaration,https://www.facebook.com/policy/cookies/
cookie_declaration,https://www.epo.org/about-us/office/data-protection-and-privacy.html
cookie_declaration,https://www.adswizz.com/cookie-policy/
cookie_declaration,https://www.wisestamp.com/privacy-policy/
cookie_declaration,https://gov.wales/details-about-cookies-govwales
cookie_declaration,https://www.blastingnews.com/cookie-policy/
cookie_declaration,https://matomo.org/subcategory/cookies/
cookie_declaration,https://www.jabra.com/footerpages/cookie-policy
cookie_declaration,https://www.sofascore.com/cookies-policy
cookie_declaration,https://www.workhuman.com/cookie-policy/
cookie_declaration,https://worldofwarcraft.com/en-us/cookies
cookie_declaration,https://www.vultr.com/legal/cookie-policy/
cookie_declaration,https://ethereum.org/en/cookie-policy/
cookie_declaration,https://www.thebalancemoney.com/terms-of-use-and-policies-4783911#toc-privacy-policy
cookie_declaration,https://www.thebalancecareers.com/terms-of-use-and-policies-4869845#toc-the-balance-cookie-disclosure
cookie_declaration,https://www.thebalancemoney.com/terms-of-use-and-policies-4783911#toc-the-balance-cookie-disclosure
cookie_declaration,https://www.routledge.com/policies/cookie-policy
cookie_declaration,https://ico.org.uk/global/cookies/
cookie_declaration,https://help.salesforce.com/s/articleView?id=sf.pardot_basics_cookies.htm&type=5
cookie_declaration,https://help.salesforce.com/s/articleView?id=sf.pardot_basics_cookies.htm&type=5&language=en_US
cookie_declaration,https://gameanalytics.com/cookie-policy/
cookie_declaration,https://www.joomag.com/en/cookie-policy
cookie_declaration,https://www.palantir.com/cookie-statement/
cookie_declaration,https://www.nationalgallery.org.uk/cookies-policy
cookie_declaration,https://wordpress.org/about/privacy/
cookie_declaration,https://www.caffeine.tv/cookie.html
cookie_declaration,https://www.merkle.com/cookie-notice
cookie_declaration,https://resume.io/cookies
cookie_declaration,https://minute.ly/privacy-policy/
cookie_declaration,https://ibo.org/terms-and-conditions/privacy-policy/cookie-disclaimer/
cookie_declaration,https://www.mlg.com/legal/cookie-policy
cookie_declaration,https://www.reviewed.com/cookie-policy
cookie_declaration,https://www.copernicus.eu/en/cookies
cookie_declaration,https://patient.info/cookies
cookie_declaration,https://partnerize.com/legal/cookie-policy
cookie_declaration,https://www.bartleby.com/privacy
cookie_declaration,https://www.sailthru.com/legal/cookie-policy/
cookie_declaration,https://adpone.com/cookies-policy/
cookie_declaration,https://termly.io/our-cookie-policy/
cookie_declaration,https://linuxfoundation.org/cookies/
cookie_declaration,https://www.moneyhelper.org.uk/en/about-us/cookie-policy
cookie_declaration,https://www.onetrust.com/cookie-policy/
cookie_declaration,https://www.northumbria.ac.uk/about-us/privacy/cookies/
cookie_declaration,https://legal.dailymotion.com/en/cookie-policy/
cookie_declaration,https://totalenergies.com/privacy
cookie_declaration,https://www.tandfonline.com/cookies
cookie_declaration,https://mailtrack.io/en/cookies
cookie_declaration,https://www.network-n.com/network-cookie-policy/
cookie_declaration,https://www.tunnelbear.com/privacy-policy
cookie_declaration,https://en.aptoide.com/company/legal?section=cookie
cookie_declaration,https://www.adyen.com/policies-and-disclaimer/cookie-policy
cookie_declaration,https://cookiepedia.co.uk/using-cookiepedia
cookie_declaration,https://cookiepedia.co.uk/cookies-and-privacy-policy
cookie_declaration,https://www.l3harris.com/cookie-policy
cookie_declaration,https://lattice.com/privacy/cookie-declaration
cookie_declaration,https://docs.github.com/en/site-policy/privacy-policies/github-subprocessors-and-cookies#cookies-on-github
cookie_declaration,https://www.captivate.fm/cookie-policy
cookie_declaration,https://www.reddit.com/policies/cookies
cookie_declaration,https://stripchat.com/privacy
cookie_declaration,https://stripchat.com/cookies-policy
cookie_declaration,https://www.pearson.com/en-us/legal-information/cookie-policy.html
cookie_declaration,https://www.dexcom.com/en-IE/cookie-policy
cookie_declaration,https://www.thebalance.com/terms-of-use-and-policies-4783911#toc-the-balance-cookie-disclosure
cookie_declaration,https://www.topcashback.co.uk/cookie-policy/
cookie_settings,https://www.dell.com/learn/us/en/uscorp1/policies-cookies-ads-emails?s=corp
cookie_settings,https://www.trustedshops.com/legal/privacy
cookie_settings,https://www.cisco.com/c/en/us/about/legal/privacy-full.html#cookies
cookie_settings,https://www.mastercard.us/en-us/vision/corp-responsibility/commitment-to-privacy/privacy.html
cookie_settings,https://stocktwits.com/st/privacy
cookie_settings,https://www.condenast.co.uk/cookie-notice/
cookie_settings,https://www.ktplay.com/en/
cookie_settings,https://www.notonthehighstreet.com/about/seller-privacy-and-cookies
cookie_settings,https://www.notonthehighstreet.com/about/seller-cookies-policy
cookie_settings,https://www.publico.es/politica-cookies#analytics-pie:politica-cookies
cookie_settings,https://www.louvre.fr/gestion-et-politique-des-cookies
cookie_settings,https://www.aboutcookies.org/
cookie_settings,https://www.axa.com/en/page/cookie-policy
cookie_settings,https://www.gwi.com/privacy
cookie_settings,https://www.hsbc.com/cookie-notice
cookie_settings,https://www.hsbc.com/privacy-notice
cookie_settings,https://runkeeper.com/cms/cookie-policy/
cookie_settings,https://www.cookieyes.com/free-cookie-policy-generator/
cookie_settings,https://www.barclays.co.uk/important-information/cookies-policy/
cookie_settings,https://www.barclays.co.uk/important-information/pingit-for-club-cookies-policy/
cookie_settings,https://www.entrust.com/digital-security/certificate-solutions/products/digital-certificates/tls-ssl-certificates
cookie_settings,https://richrelevance.com/cookies-list/
cookie_settings,https://www.rainbird.com/resources/cookie-policy
cookie_settings,https://www.avast.com/c-enable-disable-cookies
cookie_settings,https://www.rosewoodhotels.com/en/cookie-policy
cookie_settings,https://www.multivu.com/legal/cookie-policy.html
cookie_settings,https://www.bis.org/cookies.htm?m=3109
cookie_settings,https://ico.org.uk/your-data-matters/online/cookies/
cookie_settings,https://optimi.com/en/cookies
cookie_settings,https://optimi.com/en/privacy-policy
cookie_settings,https://www.roughguides.com/privacy-cookies/
cookie_settings,https://www2.hse.ie/cookie-statement/
cookie_settings,https://resy.com/cookie-policy
cookie_settings,https://www.haymarket.com/privacy-policy/?_ga=2.197416810.497989024.1662628690-673667253.1662628690#heading-cookies
cookie_settings,https://site.adform.com/privacy-center/platform-privacy/product-and-services-privacy-policy/
cookie_settings,https://site.adform.com/privacy-center/adform-cookies/
cookie_settings,https://www.smartertravel.com/privacy-policy/
cookie_settings,https://www.elsevier.com/legal/cookienotice/_nocache
cookie_settings,https://www.ncl.ac.uk/info/legal/cookie-policy/
cookie_settings,https://www.hellomagazine.com/cookies.html
cookie_settings,https://www.avl.com/-/avl-online-privacy-notice
cookie_settings,https://www.usta.com/en/home.html
cookie_settings,https://www.usta.com/en/home/about-usta/who-we-are/national/usta-privacy-policy.html
cookie_settings,https://www.yealink.com/en/onepage/yealink-cookie-policy
cookie_settings,https://www.bang-olufsen.com/en/us
cookie_settings,https://www.europeana.eu/en/rights/cookies-policy
cookie_settings,https://www.seedtag.com/cookies-policy/
cookie_settings,https://www.independent.ie/service/cookie-policy-36769519.html#_Toc529445270
cookie_settings,https://www.nature.com/info/cookies
cookie_settings,https://www.atlasobscura.com/cookies
cookie_settings,https://adkernel.com/privacy-policy/
cookie_settings,https://stackoverflow.com/legal/privacy-policy
cookie_settings,https://stackoverflow.com/legal/cookie-policy
cookie_settings,https://www.bsigroup.com/en-GB/about-bsi/legal/cookie-policy/
cookie_settings,https://www.bsigroup.com/en-GB/about-bsi/legal/privacy-notice/
cookie_settings,https://www.phoca.cz/cookiepolicy
cookie_settings,https://www.michelin.com/en/cookies-policy/
cookie_settings,https://www.kiwi.com/en/pages/content/privacy
cookie_settings,https://www.bt.com/consumer/cookie/about-cookies.html
cookie_settings,https://cityfibre.com/about-us/privacy-statement
cookie_settings,https://www.tampermonkey.net/privacy.php?ext=dhdg
cookie_settings,https://www.blizzard.com/en-us/cookies
cookie_settings,https://www.icaew.com/icaew-policies/cookies
cookie_settings,https://hrtechprivacy.com/brands/glassdoor#privacypolicy
cookie_settings,https://www.sasahost.co.ke/
cookie_settings,https://www.jisc.ac.uk/website/cookies
cookie_settings,https://www.jisc.ac.uk/website/cookies?loc=footer
cookie_settings,https://www.onsemi.com/cookie-policy
cookie_settings,https://pubnative.net/privacy-policy/
cookie_settings,https://www.g2.com/legal/cookie_policy
cookie_settings,https://www.jobvite.com/
cookie_settings,https://www.jobvite.com/privacy-policy/#cookie-policy
cookie_settings,https://www.aber.ac.uk/en/
cookie_settings,https://www.polleverywhere.com/cookies
cookie_settings,https://www.westerndigital.com/legal/cookie-statement
cookie_settings,https://www.activenetwork.com/information/cookie-policy
cookie_settings,https://www.activenetwork.com/information/cookie-policy-de
cookie_settings,https://www.activenetwork.com/information/cookie-policy-fr
cookie_settings,https://www.activenetwork.com/information/cookie-policy-sp
cookie_settings,https://www.activenetwork.com/information/privacy-policy
cookie_settings,https://www.videvo.net/a/privacy-policy/
cookie_settings,https://www.iubenda.com/privacy-policy/12956022/legal?from_cookie_policy=true&an=no
cookie_settings,https://www.hackerone.com/privacy
cookie_settings,https://www.hackerone.com/cookies
cookie_settings,https://www.lulu.com/privacy-policy
cookie_settings,https://www.surrey.ac.uk/cookies
cookie_settings,https://www.which.co.uk/help/which-privacy-notice-aGL107i27ybI
cookie_settings,https://admixer.com/cookies/
cookie_settings,https://www.24go.me/privacy-policy/
cookie_settings,https://www.aboutcookies.org/how-to-manage-and-delete-cookies
cookie_settings,https://doodle.com/en/privacy-policy/
cookie_settings,https://www.fitanalytics.com/privacy-policy
cookie_settings,https://coolors.co/
cookie_settings,https://www.sage.com/en-us/legal/privacy-and-cookies/california-residents/
cookie_settings,https://ubuntu.com/legal/data-privacy
cookie_settings,https://www.wisestamp.com/privacy-policy/
cookie_settings,https://gov.wales/help/cookies
cookie_settings,https://www.netfortris.com/privacy-policy/
cookie_settings,https://www.t-mobile.com/?src=spr&rdpage=/
cookie_settings,https://lookandfind.me/privacy
cookie_settings,https://gumgum.com/terms-and-policies/cookies-policy
cookie_settings,https://www.americanbar.org/about_the_aba/privacy/
cookie_settings,https://ethereum.org/en/cookie-policy/
cookie_settings,https://www.bakermckenzie.com/en/privacy
cookie_settings,https://gameanalytics.com/cookie-policy/
cookie_settings,https://gameanalytics.com/privacy/
cookie_settings,https://www.joomag.com/en/cookie-policy
cookie_settings,https://www.joomag.com/en/privacy
cookie_settings,https://www.bonusprint.co.uk/cookie-policy
cookie_settings,https://www.moonpay.com/legal/cookie_policy
cookie_settings,https://www.moonpay.com/legal/privacy_policy
cookie_settings,https://www.liverpoolfc.com/legal/cookies
cookie_settings,https://www.informatica.com/legal/cookie-policy.html
cookie_settings,https://www.nationalgallery.org.uk/cookies-policy
cookie_settings,https://www.nationalgallery.org.uk/general-privacy-notice
cookie_settings,https://cepr.org/cookies
cookie_settings,https://www.regzone.cz/
cookie_settings,https://www.reviewed.com/cookie-policy
cookie_settings,https://brownpapertickets.com/cookies.html
cookie_settings,https://adpone.com/cookies-policy/
cookie_settings,https://www.moneyhelper.org.uk/en/about-us/cookie-policy
cookie_settings,https://www.moneyhelper.org.uk/en/about-us/privacy-notice
cookie_settings,https://www.onetrust.com/cookie-policy/
cookie_settings,https://www.northumbria.ac.uk/about-us/privacy/cookies/
cookie_settings,https://mailtrack.io/en/cookies
cookie_settings,https://cookiepedia.co.uk/all-about-cookies
cookie_settings,https://cookiepedia.co.uk/using-cookiepedia
cookie_settings,https://cookiepedia.co.uk/classify-cookies
cookie_settings,https://cookiepedia.co.uk/cookies-and-privacy-policy
cookie_settings,https://www.l3harris.com/cookie-policy
cookie_settings,https://qodeinteractive.com/privacy-policy/
cookie_settings,https://pmc.com/privacy-policy/
cookie_settings,https://www.london.ac.uk/about-us/how-university-run/policies/privacy-policy-and-cookies
cookie_settings,https://www.envato.com/cookies/
cookie_settings,https://www.solarwinds.com/cookies
cookie_settings,https://elasticemail.com/resources/usage-policies
cookie_settings,https://elasticemail.com/resources/usage-policies/cookies
cookie_settings,https://www.braze.com/
cookie_settings,https://www.liveworksheets.com/cookies_en.asp
cookie_settings,https://religionnews.com/about-2/privacy-policy/
cookie_settings,https://religionnews.com/privacy-statement/
cookie_settings,https://www.mysanantonio.com/food/article/crumbl-cookies-new-braunfels-17509262.php?IPID=MySA-HP-Editors-Picks
cookie_settings,https://www.mysanantonio.com/about_us/privacy_policy/
cookie_settings,https://www.pearson.com/en-us/legal-information/cookie-policy.html
cookie_settings,https://www.ccleaner.com/about/cookies-policy
cookie_settings,https://www.dexcom.com/en-IE/cookie-policy
cookie_settings,https://www.inkling.com/
other,https://www.aa.com.tr/en/p/privacy-and-cookies-policy
other,https://duo.com/legal/cookies
other,https://www.mandatory.com/cookies
other,https://www.wisestamp.com/privacy-policy/
entities,https://pmc.com/privacy-policy/
entities,https://pmc.com/cookie-notice/
entities,https://www.yealink.com/en/onepage/yealink-cookie-policy
entities,https://chocolateplatform.com/privacy-policy/
entities,https://www.wthr.com/privacy
entities,https://www.bidswitch.com/cookie-statement/
entities,https://anydesk.com/en/privacy
entities,https://geniuslink.com/privacy
entities,https://glowing.com/cookie-policy-20201217
entities,https://www.urban-vpn.com/about-us/privacy/
entities,https://cpanel.net/privacy-policy/
entities,https://www.kgw.com/privacy
entities,https://global.bookwalker.jp/info-cookie_policy/
entities,https://www.onsemi.com/cookie-policy
entities,https://www.g2.com/legal/cookie_policy
entities,https://www.motherearthnews.com/privacy-policy/
entities,https://www.cloudflare.com/cookie-policy/
entities,https://www.hackerone.com/cookies
entities,https://alison.com/about/terms-of-use?privacy-policy#alison_cookie_policy
entities,https://weedmaps.com/legal/cookie-policy
entities,https://balsamiq.com/legal/privacy/
entities,https://www.meltwater.com/en/privacy
entities,https://www.meltwater.com/en/privacy/cookies
entities,https://ripple.com/legal/privacy-policy/
entities,https://www.wisestamp.com/privacy-policy/
entities,https://www.blastingnews.com/cookie-policy/
entities,https://matomo.org/subcategory/cookies/
entities,https://piano.io/privacy-policy/
entities,https://simpli.fi/simpli-fi-cookie-policy/
entities,https://www.webmd.com/about-webmd-policies/cookie-policy
entities,https://www.se.com/us/en/about-us/legal/data-privacy.jsp
entities,https://www.shemedia.com/ad-services-privacy-policy
entities,https://www.shemedia.com/ad-services-privacy-policy/#cookies
entities,https://www.houstonpress.com/about/cookies
entities,https://www.network-n.com/network-cookie-policy/
entities,https://freestar.com/privacy-policy/
entities,https://aws.amazon.com/legal/cookies/
entities,https://www.thefamouspeople.com/manage_cookies.php
entities,https://www.kongregate.com/privacy
entities,https://www.pingidentity.com/en/legal/cookie-policy.html
entities,https://patch.com/privacy
purposes,https://www.tufts.edu/about/privacy
purposes,https://cpanel.net/privacy-policy/
purposes,https://www.thesprucecrafts.com/legal-4778027#toc-the-spruce-cookie-disclosure
purposes,https://hrtechprivacy.com/brands/glassdoor#privacypolicy
purposes,https://legal.snagajob.com/#privacy-policy
purposes,https://www.sfgate.com/privacy-policy/
purposes,https://www.g2.com/legal/cookie_policy
purposes,https://www.polleverywhere.com/privacy-policy
purposes,https://www.checkpoint.com/privacy/cookies/
purposes,https://geniuslink.com/privacy
purposes,https://voyeurhit.com/information/#policy
purposes,https://scopely.com/privacy/
purposes,https://stripe.com/privacy
purposes,https://www.iubenda.com/privacy-policy/12956022/legal?from_cookie_policy=true&an=no
purposes,https://www.tribpub.com/privacy-policy/
purposes,https://www.reference.com/privacy?qo=footerLinks
purposes,https://www.reference.com/privacy?qo=footerLinks&ueid=8b8af3b7-0422-4f23-a41c-d6cba72b3153
purposes,https://www.reference.com/cookies?ueid=8b8af3b7-0422-4f23-a41c-d6cba72b3153&qo=footerLinks
purposes,https://www.reference.com/privacy?qo=footerLinks&ueid=7c978ce6-6308-4697-980a-7ee3b0c09d51
purposes,https://www.mlb.com/official-information/privacy-policy
purposes,https://alison.com/about/terms-of-use?privacy-policy#alison_cookie_policy
purposes,https://joinhandshake.com/privacy-policy/
purposes,https://www.tvinsider.com/privacy-policy/
purposes,https://policies.gitbook.com/privacy
purposes,https://web.fountain.com/privacy
purposes,https://www.ipl.org/about-us/privacy
purposes,https://99designs.com/legal/privacy
purposes,https://corporate.discovery.com/privacy-policy/
purposes,https://www.commscope.com/about-us/privacy-statement/
purposes,https://www.sage.com/en-us/legal/privacy-and-cookies/
purposes,https://pages.lazada.sg/wow/gcp/route/lazada/sg/upr_1000345_lazada/channel/sg/upr-router/sg?spm=a2o42.lazmart_channel.footer_top.15.e7ea1896wJVISa&hybrid=1&data_prefetch=true&prefetch_replace=1&at_iframe=1&wh_pid=/lazada/channel/sg/legal/privacy_policy
purposes,https://pages.lazada.sg/wow/gcp/route/lazada/sg/upr_1000345_lazada/channel/sg/upr-router/sg?spm=a2o42.lazmart_channel.footer_top.15.e7ea18964fKPCX&hybrid=1&data_prefetch=true&prefetch_replace=1&at_iframe=1&wh_pid=/lazada/channel/sg/legal/privacy_policy
purposes,https://www.talkable.com/privacy
purposes,https://trib.com/privacy/
purposes,https://pmc.com/privacy-policy/
purposes,https://www.medianewsgroup.com/cookie-policy/
purposes,https://www.medpagetoday.com/about/privacy
purposes,https://www.se.com/us/en/about-us/legal/data-privacy.jsp
purposes,https://corp.narvar.com/privacy-policy/
purposes,https://www.domestika.org/en/cookies
purposes,https://www.amazon.in/gp/help/customer/display.html?ref_=hp_left_v4_sib&nodeId=G201890250
purposes,https://www.houstonpress.com/about/cookies
purposes,https://www.gonitro.com/legal/privacy-policy
purposes,https://www.fandom.com/privacy-policy
purposes,https://www.ifixit.com/Info/Privacy
purposes,https://www.honeycomb.io/privacy/
purposes,https://www.npr.org/about-npr/179878450/privacy-policy
purposes,https://www.geocaching.com/policies/en/privacy-policy
purposes,https://resume.io/privacy
purposes,https://docs.github.com/en/site-policy/privacy-policies/github-privacy-statement
purposes,https://www.kongregate.com/privacy
purposes,https://www.inquirer.com/privacy-policy/
purposes,https://www.condenast.com/privacy-policy#cookies-and-related-technologies
purposes,https://www.techtarget.com/cookie-policy/?_gl=1*434lj8*_ga*NDc4MDE1Nzc2LjE2NjYxMjc4NzA.*_ga_TQKE4GS5P9*MTY2NjEyNzg3MC4xLjAuMTY2NjEyNzg3MC4wLjAuMA..&_ga=2.268270726.985520560.1666127870-478015776.1666127870
purposes,https://www.techtarget.com/cookie-policy/?_gl=1*13j7pn*_ga*NDk5NzQxNDE3LjE2NjI2MDU4NDE.*_ga_TQKE4GS5P9*MTY2MjYwNTg0MC4xLjAuMTY2MjYwNTg0MC4wLjAuMA..
purposes,https://www.techtarget.com/cookie-policy/?_gl=1*16v52gv*_ga*MTU0NDIyNDk3LjE2NjMxNzY2Nzc.*_ga_TQKE4GS5P9*MTY2MzE3NjY3Ny4xLjAuMTY2MzE3NjY3Ny4wLjAuMA..&_ga=2.119902728.1434363392.1663176677-154422497.1663176677
purposes,https://www.thebalancemoney.com/terms-of-use-and-policies-4783911#toc-privacy-policy
purposes,https://www.thebalance.com/terms-of-use-and-policies-4783911#toc-the-balance-cookie-disclosure
purposes,https://www.thebalancemoney.com/terms-of-use-and-policies-4783911#toc-the-balance-cookie-disclosure
purposes,https://www.celebritynetworth.com/privacy-policy/
activities,https://payu.in/privacy-policy
activities,https://www.gainsight.com/policy/privacy/
activities,https://pubhtml5.com/privacy-policy.php
activities,https://help.kijiji.ca/helpdesk/policies/kijiji-cookie-policy
activities,https://clutch.co/privacy
activities,https://vercel.com/legal/privacy-policy
activities,https://impact.com/privacy-policy/
activities,https://www.gofundme.com/c/privacy
activities,https://www.sfgate.com/privacy-policy/
activities,https://www.nutaku.com/age/privacy-policy/
activities,https://www.atlassian.com/legal/privacy-policy
activities,https://www.hotwire.com/en/content/privacy-policy?cc=us
activities,https://geniuslink.com/privacy
activities,https://voyeurhit.com/information/#policy
activities,https://scopely.com/privacy/
activities,https://stripe.com/privacy
activities,https://www.iubenda.com/privacy-policy/12956022/legal?from_cookie_policy=true&an=no
activities,https://www.vivint.com/legal/privacy-policy
activities,https://www.tribpub.com/privacy-policy/
activities,https://www.reference.com/privacy?qo=footerLinks
activities,https://www.reference.com/privacy?qo=footerLinks&ueid=8b8af3b7-0422-4f23-a41c-d6cba72b3153
activities,https://www.reference.com/cookies?ueid=8b8af3b7-0422-4f23-a41c-d6cba72b3153&qo=footerLinks
activities,https://www.reference.com/privacy?qo=footerLinks&ueid=7c978ce6-6308-4697-980a-7ee3b0c09d51
activities,https://www.mlb.com/official-information/privacy-policy
activities,https://www.tvinsider.com/privacy-policy/
activities,https://policies.gitbook.com/privacy
activities,https://www.ipl.org/about-us/privacy
activities,https://corporate.discovery.com/privacy-policy/
activities,https://www.sage.com/en-us/legal/privacy-and-cookies/
activities,https://pages.lazada.sg/wow/gcp/route/lazada/sg/upr_1000345_lazada/channel/sg/upr-router/sg?spm=a2o42.lazmart_channel.footer_top.15.e7ea18964fKPCX&hybrid=1&data_prefetch=true&prefetch_replace=1&at_iframe=1&wh_pid=/lazada/channel/sg/legal/privacy_policy
activities,https://www.een.com/privacy-policy/
activities,https://matomo.org/subcategory/cookies/
activities,https://reflected.net/privacy_policy.php
activities,https://trib.com/privacy/
activities,https://pmc.com/privacy-policy/
activities,https://www.drivereasy.com/privacy-policy/
activities,https://www.ifixit.com/Info/Privacy
activities,https://aws.amazon.com/privacy/
activities,https://www.kongregate.com/privacy
activities,https://www.gfi.com/legal/history/global-privacy-policy
false_positive,https://www.girlscouts.org/en/cookies.html
false_positive,https://www.girlscouts.org/en/cookies/about-girl-scout-cookies.html
false_positive,https://www.girlscouts.org/en/cookies/about-girl-scout-cookies/cookie-history.html
false_positive,https://www.girlscouts.org/en/cookies/cookie-flavors.html
false_positive,https://www.girlscouts.org/en/cookies/how-to-buy-cookies.html
false_positive,https://www.dailydot.com/irl/ipad-tipping-crumbl-cookies/
false_positive,https://www.thedrum.com/opinion/2022/09/06/my-legal-fight-with-the-queen-taught-me-why-cookies-are-good-and-gdpr-terrible
false_positive,https://www.turbify.com/
false_positive,https://fapster.xxx/privacy.php
false_positive,https://en.wikipedia.org/wiki/HTTP_cookie
false_positive,https://www.tiny.cloud/
false_positive,https://www.termsfeed.com/cookies-policy-generator/
false_positive,https://app.termsfeed.com/wizard/cookies-policy
false_positive,https://www.jabra.com/
false_positive,https://www.groovypost.com/?s=delete+cookies
false_positive,https://www.groovypost.com/howto/delete-cookies-and-browsing-history-from-microsoft-edge/
false_positive,https://kompoz2.com/tv/180765/studs-are-having-fun-banging-different-cookies.html
false_positive,https://kompoz2.com/tv/149121/guys-are-having-fun-banging-different-cookies.html
false_positive,https://kompoz2.com/tv/307104/fellows-are-having-fun-banging-different-cookies.html
false_positive,https://kompoz2.com/tv/261093/hot-cookies-are-delighted-during-wild-gang-bang.html
false_positive,https://kompoz2.com/tv/190351/hawt-cookies-are-delighted-during-wild-group-sex.html
false_positive,https://kompoz2.com/tv/214050/darlings-are-sharing-cookies-during-group-partying.html
false_positive,https://javascript.info/cookie
false_positive,https://en.wikipedia.org/wiki/HTTP_cookie#Third-party_cookie
false_positive,https://en.wikipedia.org/wiki/Internet_privacy#HTTP_cookies
false_positive,https://www.maketecheasier.com/hide-accept-cookies-messages-websites/
false_positive,https://en.wikipedia.org/w/index.php?title=Http_cookies&redirect=no
false_positive,https://www.bartleby.com/questions-and-answers/jack-and-diane-work-at-a-bakery.-jack-can-make-either-five-batches-of-cookies-or-two-cakes-per-hour-/bb6fd485-4c98-415c-bb4d-e3613bf1d507
false_positive,https://termly.io/resources/guides/tracking-cookies/#how-to-detect-if-your-website-uses-tracking-cookies
false_positive,https://termly.io/resources/articles/what-are-cookies/
false_positive,https://termly.io/resources/articles/cookies-policy/
false_positive,https://www.amazon.com.br/gp/help/customer/display.html?nodeId=201890250&ref_=footer_cookies
false_positive,https://www.firstam.com/
false_positive,https://www.gopuff.tech/p/cookies-and-cream-milkshake/p42504
false_positive,https://allaboutcookies.org/
